ID,drug,mutation
PQ601169.1,Lamivudine,180M
PQ601169.1,Lamivudine,204V
PQ601169.1,Entecavir,184A
PQ601169.1,Entecavir,204V
PQ601169.1,Entecavir,180M
PQ601169.1,Telbivudine,204V
PQ601166.1,Lamivudine,180M
PQ601166.1,Lamivudine,204V
PQ601166.1,Entecavir,184A
PQ601166.1,Entecavir,204V
PQ601166.1,Entecavir,180M
PQ601166.1,Telbivudine,204V
PQ601134.1,Lamivudine,204V
PQ601134.1,Telbivudine,204V
PQ601123.1,Lamivudine,180M
PQ601123.1,Lamivudine,204V
PQ601123.1,Telbivudine,204V
PP123855.1,Lamivudine,181T
PP123855.1,Adefovir,181T
PP123855.1,Telbivudine,181T
PP123845.1,Lamivudine,180M
PP123845.1,Lamivudine,204V
PP123845.1,Telbivudine,204V
PP123826.1,Lamivudine,180M
PP123826.1,Lamivudine,204V
PP123826.1,Telbivudine,204V
PP123799.1,Lamivudine,180M
PP123799.1,Lamivudine,204V
PP123799.1,Telbivudine,204V
PP123796.1,Lamivudine,180M
PP123796.1,Lamivudine,204V
PP123796.1,Telbivudine,204V
OZ222016.1,Lamivudine,180M
OZ222016.1,Lamivudine,204V
OZ222016.1,Telbivudine,204V
OZ222014.1,Lamivudine,180M
OZ222014.1,Lamivudine,204V
OZ222014.1,Telbivudine,204V
OZ222001.1,Lamivudine,173H
OZ222001.1,Lamivudine,180P
OZ222001.1,Lamivudine,204V
OZ222001.1,Lamivudine,181V
OZ222001.1,Lamivudine,80C
OZ222001.1,Adefovir,181V
OZ222001.1,Adefovir,236C
OZ222001.1,Telbivudine,204V
OZ222001.1,Telbivudine,80C
OZ222001.1,Telbivudine,181V
OQ054050.1,Lamivudine,180M
OQ054050.1,Lamivudine,204V
OQ054050.1,Telbivudine,204V
OQ054049.1,Lamivudine,180M
OQ054049.1,Lamivudine,204V
OQ054049.1,Telbivudine,204V
OQ054048.1,Lamivudine,180M
OQ054048.1,Lamivudine,204V
OQ054048.1,Telbivudine,204V
OQ054047.1,Lamivudine,180M
OQ054047.1,Lamivudine,204V
OQ054047.1,Telbivudine,204V
OP933689.1,Lamivudine,173L
OP933689.1,Lamivudine,180I
OP933689.1,Lamivudine,204S
OP933689.1,Lamivudine,181N
OP933689.1,Lamivudine,80I
OP256016.1,Lamivudine,180M
OP256016.1,Lamivudine,204V
OP256016.1,Telbivudine,204V
OP153997.1,Lamivudine,180M
OP153997.1,Lamivudine,204V
OP153997.1,Entecavir,184A
OP153997.1,Entecavir,204V
OP153997.1,Entecavir,180M
OP153997.1,Telbivudine,204V
OP153989.1,Lamivudine,204V
OP153989.1,Telbivudine,204V
MZ439745.1,Lamivudine,181T
MZ439745.1,Adefovir,181T
MZ439745.1,Telbivudine,181T
MZ439742.1,Lamivudine,181T
MZ439742.1,Adefovir,181T
MZ439742.1,Telbivudine,181T
MT603386.1,Lamivudine,173W
MT603386.1,Lamivudine,180F
MT603386.1,Lamivudine,204I
MT603386.1,Lamivudine,181V
MT603386.1,Adefovir,181V
MT603386.1,Adefovir,236S
MT603386.1,Telbivudine,204I
MT603386.1,Telbivudine,181V
MT603378.1,Lamivudine,173T
MT603378.1,Lamivudine,180P
MT603378.1,Lamivudine,204S
MT603378.1,Lamivudine,181G
MT591279.1,Lamivudine,180M
MT591279.1,Lamivudine,204V
MT591279.1,Entecavir,202G
MT591279.1,Entecavir,204V
MT591279.1,Entecavir,180M
MT591279.1,Telbivudine,204V
MT591277.1,Lamivudine,180M
MT591277.1,Lamivudine,204V
MT591277.1,Entecavir,202G
MT591277.1,Entecavir,204V
MT591277.1,Entecavir,180M
MT591277.1,Telbivudine,204V
MT437390.1,Lamivudine,180M
MT437390.1,Lamivudine,204V
MT437390.1,Entecavir,184A
MT437390.1,Entecavir,204V
MT437390.1,Entecavir,180M
MT437390.1,Telbivudine,204V
MT437389.1,Lamivudine,204V
MT437389.1,Telbivudine,204V
MT437387.1,Lamivudine,180M
MT437387.1,Lamivudine,204V
MT437387.1,Telbivudine,204V
MT437385.1,Lamivudine,180M
MT437385.1,Lamivudine,204V
MT437385.1,Entecavir,184A
MT437385.1,Entecavir,204V
MT437385.1,Entecavir,180M
MT437385.1,Telbivudine,204V
MT426970.1,Lamivudine,181V
MT426970.1,Adefovir,181V
MT426970.1,Telbivudine,181V
MT426787.1,Lamivudine,204I
MT426787.1,Telbivudine,204I
MT426266.1,Lamivudine,181T
MT426266.1,Adefovir,181T
MT426266.1,Telbivudine,181T
MT210032.1,Lamivudine,173L
MT210032.1,Lamivudine,180M
MT210032.1,Lamivudine,204V
MT210032.1,Telbivudine,204V
MN585095.1,Lamivudine,180M
MN585095.1,Lamivudine,204V
MN585095.1,Telbivudine,204V
MN585094.1,Lamivudine,180M
MN585094.1,Lamivudine,204V
MN585094.1,Telbivudine,204V
MN476102.1,Lamivudine,180M
MN476102.1,Lamivudine,204V
MN476102.1,Telbivudine,204V
MN365240.1,Lamivudine,204I
MN365240.1,Lamivudine,80V
MN365240.1,Telbivudine,204I
MN365240.1,Telbivudine,80V
MN053840.1,Lamivudine,180M
MN053840.1,Lamivudine,204V
MN053840.1,Telbivudine,204V
MK598663.1,Lamivudine,180M
MK598663.1,Lamivudine,204V
MK598663.1,Telbivudine,204V
MG571376.1,Lamivudine,180M
MG571376.1,Lamivudine,204I
MG571376.1,Telbivudine,204I
MG571367.1,Lamivudine,204I
MG571367.1,Telbivudine,204I
MG571366.1,Lamivudine,180M
MG571366.1,Lamivudine,204V
MG571366.1,Telbivudine,204V
MG571364.1,Lamivudine,180M
MG571364.1,Lamivudine,204V
MG571364.1,Telbivudine,204V
MG571357.1,Lamivudine,180M
MG571357.1,Lamivudine,204V
MG571357.1,Telbivudine,204V
MG571353.1,Lamivudine,204I
MG571353.1,Telbivudine,204I
MG571352.1,Lamivudine,180M
MG571352.1,Lamivudine,204I
MG571352.1,Telbivudine,204I
MG571351.1,Lamivudine,204I
MG571351.1,Telbivudine,204I
MG571344.1,Lamivudine,180M
MG571344.1,Lamivudine,204V
MG571344.1,Telbivudine,204V
MG571343.1,Lamivudine,204I
MG571343.1,Lamivudine,80V
MG571343.1,Telbivudine,204I
MG571343.1,Telbivudine,80V
MG571342.1,Lamivudine,204I
MG571342.1,Lamivudine,80V
MG571342.1,Telbivudine,204I
MG571342.1,Telbivudine,80V
MG571339.1,Lamivudine,180M
MG571339.1,Lamivudine,204V
MG571339.1,Telbivudine,204V
MG571337.1,Lamivudine,180M
MG571337.1,Lamivudine,204V
MG571337.1,Telbivudine,204V
MG571335.1,Lamivudine,180M
MG571335.1,Lamivudine,204I
MG571335.1,Telbivudine,204I
MG571334.1,Lamivudine,180M
MG571334.1,Lamivudine,204V
MG571334.1,Telbivudine,204V
MG571331.1,Lamivudine,180M
MG571331.1,Lamivudine,204V
MG571331.1,Telbivudine,204V
MG571330.1,Lamivudine,180M
MG571330.1,Lamivudine,204V
MG571330.1,Telbivudine,204V
MG571328.1,Lamivudine,180M
MG571328.1,Lamivudine,204V
MG571328.1,Lamivudine,80V
MG571328.1,Telbivudine,204V
MG571328.1,Telbivudine,80V
MG571327.1,Lamivudine,180M
MG571327.1,Lamivudine,204V
MG571327.1,Telbivudine,204V
MG571324.1,Lamivudine,204I
MG571324.1,Lamivudine,80V
MG571324.1,Telbivudine,204I
MG571324.1,Telbivudine,80V
MG571321.1,Lamivudine,180M
MG571321.1,Lamivudine,204V
MG571321.1,Telbivudine,204V
MF925409.1,Lamivudine,173L
MF925409.1,Lamivudine,180M
MF925409.1,Lamivudine,204V
MF925409.1,Lamivudine,181C
MF925409.1,Telbivudine,204V
MF925409.1,Telbivudine,181C
LC519796.1,Lamivudine,180M
LC519796.1,Lamivudine,204I
LC519796.1,Lamivudine,80V
LC519796.1,Telbivudine,204I
LC519796.1,Telbivudine,80V
KY882003.1,Lamivudine,181V
KY882003.1,Adefovir,181V
KY882003.1,Telbivudine,181V
KY882000.1,Lamivudine,204I
KY882000.1,Lamivudine,80I
KY882000.1,Telbivudine,204I
KY882000.1,Telbivudine,80I
KY881999.1,Lamivudine,204I
KY881999.1,Lamivudine,80I
KY881999.1,Telbivudine,204I
KY881999.1,Telbivudine,80I
KY881998.1,Lamivudine,204I
KY881998.1,Lamivudine,80I
KY881998.1,Telbivudine,204I
KY881998.1,Telbivudine,80I
KY881996.1,Lamivudine,204I
KY881996.1,Telbivudine,204I
KY881995.1,Lamivudine,204I
KY881995.1,Lamivudine,80I
KY881995.1,Telbivudine,204I
KY881995.1,Telbivudine,80I
KY881992.1,Lamivudine,204I
KY881992.1,Lamivudine,80I
KY881992.1,Telbivudine,204I
KY881992.1,Telbivudine,80I
KY881986.1,Lamivudine,204I
KY881986.1,Lamivudine,80I
KY881986.1,Telbivudine,204I
KY881986.1,Telbivudine,80I
KY881985.1,Lamivudine,204I
KY881985.1,Lamivudine,80I
KY881985.1,Telbivudine,204I
KY881985.1,Telbivudine,80I
KY881983.1,Lamivudine,204I
KY881983.1,Lamivudine,80I
KY881983.1,Telbivudine,204I
KY881983.1,Telbivudine,80I
KY881982.1,Lamivudine,204I
KY881982.1,Lamivudine,80I
KY881982.1,Telbivudine,204I
KY881982.1,Telbivudine,80I
KY881977.1,Lamivudine,204I
KY881977.1,Lamivudine,80I
KY881977.1,Telbivudine,204I
KY881977.1,Telbivudine,80I
KY881976.1,Lamivudine,173L
KY881976.1,Lamivudine,204I
KY881976.1,Lamivudine,80I
KY881976.1,Telbivudine,204I
KY881976.1,Telbivudine,80I
KY881975.1,Lamivudine,204I
KY881975.1,Lamivudine,80I
KY881975.1,Telbivudine,204I
KY881975.1,Telbivudine,80I
KY881970.1,Lamivudine,204I
KY881970.1,Lamivudine,80I
KY881970.1,Telbivudine,204I
KY881970.1,Telbivudine,80I
KY881969.1,Lamivudine,204I
KY881969.1,Lamivudine,80I
KY881969.1,Telbivudine,204I
KY881969.1,Telbivudine,80I
KY881968.1,Lamivudine,204I
KY881968.1,Lamivudine,80I
KY881968.1,Telbivudine,204I
KY881968.1,Telbivudine,80I
KY881967.1,Lamivudine,204I
KY881967.1,Lamivudine,80I
KY881967.1,Telbivudine,204I
KY881967.1,Telbivudine,80I
KY881965.1,Lamivudine,204I
KY881965.1,Lamivudine,80I
KY881965.1,Telbivudine,204I
KY881965.1,Telbivudine,80I
KY881964.1,Lamivudine,204I
KY881964.1,Lamivudine,80I
KY881964.1,Telbivudine,204I
KY881964.1,Telbivudine,80I
KY881963.1,Lamivudine,204I
KY881963.1,Lamivudine,80I
KY881963.1,Telbivudine,204I
KY881963.1,Telbivudine,80I
KY881959.1,Lamivudine,204I
KY881959.1,Lamivudine,80I
KY881959.1,Telbivudine,204I
KY881959.1,Telbivudine,80I
KY881943.1,Lamivudine,204I
KY881943.1,Lamivudine,80I
KY881943.1,Telbivudine,204I
KY881943.1,Telbivudine,80I
KY881942.1,Lamivudine,204I
KY881942.1,Lamivudine,80I
KY881942.1,Telbivudine,204I
KY881942.1,Telbivudine,80I
KY881941.1,Lamivudine,204I
KY881941.1,Lamivudine,80I
KY881941.1,Telbivudine,204I
KY881941.1,Telbivudine,80I
KY881940.1,Lamivudine,204I
KY881940.1,Lamivudine,80I
KY881940.1,Telbivudine,204I
KY881940.1,Telbivudine,80I
KY881939.1,Lamivudine,204I
KY881939.1,Lamivudine,80I
KY881939.1,Telbivudine,204I
KY881939.1,Telbivudine,80I
KY881938.1,Lamivudine,204I
KY881938.1,Lamivudine,80I
KY881938.1,Telbivudine,204I
KY881938.1,Telbivudine,80I
KY881937.1,Lamivudine,204I
KY881937.1,Lamivudine,80I
KY881937.1,Telbivudine,204I
KY881937.1,Telbivudine,80I
KY881936.1,Lamivudine,204I
KY881936.1,Lamivudine,80I
KY881936.1,Telbivudine,204I
KY881936.1,Telbivudine,80I
KY881935.1,Lamivudine,204I
KY881935.1,Lamivudine,80I
KY881935.1,Telbivudine,204I
KY881935.1,Telbivudine,80I
KY881934.1,Lamivudine,204I
KY881934.1,Lamivudine,80I
KY881934.1,Telbivudine,204I
KY881934.1,Telbivudine,80I
KY881933.1,Lamivudine,204I
KY881933.1,Lamivudine,80I
KY881933.1,Telbivudine,204I
KY881933.1,Telbivudine,80I
KY881932.1,Lamivudine,204I
KY881932.1,Lamivudine,80I
KY881932.1,Telbivudine,204I
KY881932.1,Telbivudine,80I
KY881931.1,Lamivudine,204I
KY881931.1,Lamivudine,80I
KY881931.1,Telbivudine,204I
KY881931.1,Telbivudine,80I
KY881930.1,Lamivudine,204I
KY881930.1,Lamivudine,80I
KY881930.1,Telbivudine,204I
KY881930.1,Telbivudine,80I
KY881929.1,Lamivudine,204I
KY881929.1,Lamivudine,80I
KY881929.1,Telbivudine,204I
KY881929.1,Telbivudine,80I
KY881928.1,Lamivudine,204I
KY881928.1,Lamivudine,80I
KY881928.1,Telbivudine,204I
KY881928.1,Telbivudine,80I
KY881927.1,Lamivudine,204I
KY881927.1,Lamivudine,80I
KY881927.1,Telbivudine,204I
KY881927.1,Telbivudine,80I
KY881926.1,Lamivudine,204I
KY881926.1,Lamivudine,80I
KY881926.1,Telbivudine,204I
KY881926.1,Telbivudine,80I
KY881925.1,Lamivudine,204I
KY881925.1,Lamivudine,80I
KY881925.1,Telbivudine,204I
KY881925.1,Telbivudine,80I
KY881924.1,Lamivudine,204I
KY881924.1,Lamivudine,80I
KY881924.1,Telbivudine,204I
KY881924.1,Telbivudine,80I
KY881923.1,Lamivudine,204I
KY881923.1,Lamivudine,80I
KY881923.1,Telbivudine,204I
KY881923.1,Telbivudine,80I
KY881922.1,Lamivudine,204I
KY881922.1,Lamivudine,80I
KY881922.1,Telbivudine,204I
KY881922.1,Telbivudine,80I
KY881921.1,Lamivudine,204I
KY881921.1,Lamivudine,80I
KY881921.1,Telbivudine,204I
KY881921.1,Telbivudine,80I
KY881920.1,Lamivudine,204I
KY881920.1,Lamivudine,80I
KY881920.1,Telbivudine,204I
KY881920.1,Telbivudine,80I
KY881919.1,Lamivudine,204I
KY881919.1,Lamivudine,80I
KY881919.1,Telbivudine,204I
KY881919.1,Telbivudine,80I
KY881918.1,Lamivudine,204I
KY881918.1,Lamivudine,80I
KY881918.1,Telbivudine,204I
KY881918.1,Telbivudine,80I
KY881917.1,Lamivudine,204I
KY881917.1,Lamivudine,80I
KY881917.1,Telbivudine,204I
KY881917.1,Telbivudine,80I
KY881916.1,Lamivudine,204I
KY881916.1,Lamivudine,80I
KY881916.1,Telbivudine,204I
KY881916.1,Telbivudine,80I
KY881915.1,Lamivudine,204I
KY881915.1,Telbivudine,204I
KY881832.1,Lamivudine,204I
KY881832.1,Telbivudine,204I
KY881804.1,Lamivudine,204I
KY881804.1,Lamivudine,181T
KY881804.1,Adefovir,181T
KY881804.1,Telbivudine,204I
KY881804.1,Telbivudine,181T
KY470889.1,Lamivudine,204V
KY470889.1,Telbivudine,204V
KY470865.1,Lamivudine,181T
KY470865.1,Adefovir,181T
KY470865.1,Telbivudine,181T
KY470857.1,Lamivudine,204V
KY470857.1,Telbivudine,204V
KY470840.1,Adefovir,236T
KY470839.1,Adefovir,236T
KY470838.1,Adefovir,236T
KY470836.1,Adefovir,236T
KY470835.1,Adefovir,236T
KY470833.1,Adefovir,236T
KY470832.1,Adefovir,236T
KY470831.1,Adefovir,236T
KY417926.1,Lamivudine,204I
KY417926.1,Telbivudine,204I
KX757665.1,Lamivudine,180M
KX757665.1,Lamivudine,204V
KX757665.1,Telbivudine,204V
KT749849.1,Lamivudine,173L
KT749849.1,Lamivudine,180M
KT749849.1,Lamivudine,204V
KT749849.1,Telbivudine,204V
KT749847.1,Lamivudine,173L
KT749847.1,Lamivudine,180M
KT749847.1,Lamivudine,204V
KT749847.1,Telbivudine,204V
KT749846.1,Lamivudine,173L
KT749846.1,Lamivudine,180M
KT749846.1,Lamivudine,204V
KT749846.1,Telbivudine,204V
KT749839.1,Lamivudine,173L
KT749839.1,Lamivudine,180M
KT749839.1,Lamivudine,204V
KT749839.1,Telbivudine,204V
KT749834.1,Lamivudine,173L
KT749834.1,Lamivudine,180M
KT749834.1,Lamivudine,204V
KT749834.1,Telbivudine,204V
KR014058.1,Lamivudine,181V
KR014058.1,Adefovir,181V
KR014058.1,Telbivudine,181V
KR014051.1,Lamivudine,181T
KR014051.1,Adefovir,181T
KR014051.1,Telbivudine,181T
KR014025.1,Lamivudine,180P
KR014025.1,Lamivudine,181T
KR014025.1,Adefovir,181T
KR014025.1,Telbivudine,181T
KR013915.1,Lamivudine,181T
KR013915.1,Adefovir,181T
KR013915.1,Telbivudine,181T
KR013875.1,Lamivudine,204V
KR013875.1,Telbivudine,204V
KR013849.1,Lamivudine,181V
KR013849.1,Adefovir,181V
KR013849.1,Telbivudine,181V
KR013848.1,Lamivudine,181V
KR013848.1,Adefovir,181V
KR013848.1,Telbivudine,181V
KR013847.1,Lamivudine,181T
KR013847.1,Adefovir,181T
KR013847.1,Telbivudine,181T
KR013845.1,Lamivudine,181V
KR013845.1,Adefovir,181V
KR013845.1,Telbivudine,181V
KR013844.1,Lamivudine,181V
KR013844.1,Adefovir,181V
KR013844.1,Telbivudine,181V
KR013843.1,Lamivudine,181T
KR013843.1,Adefovir,181T
KR013843.1,Telbivudine,181T
KR013842.1,Lamivudine,181V
KR013842.1,Adefovir,181V
KR013842.1,Telbivudine,181V
KP718089.1,Lamivudine,173L
KP718089.1,Lamivudine,180M
KP718089.1,Lamivudine,204V
KP718089.1,Telbivudine,204V
KP406329.1,Lamivudine,204I
KP406329.1,Lamivudine,80I
KP406329.1,Telbivudine,204I
KP406329.1,Telbivudine,80I
KP406328.1,Lamivudine,204I
KP406328.1,Lamivudine,80I
KP406328.1,Telbivudine,204I
KP406328.1,Telbivudine,80I
KP406327.1,Lamivudine,204I
KP406327.1,Lamivudine,80I
KP406327.1,Telbivudine,204I
KP406327.1,Telbivudine,80I
KP406326.1,Lamivudine,204I
KP406326.1,Lamivudine,80I
KP406326.1,Telbivudine,204I
KP406326.1,Telbivudine,80I
KP406325.1,Lamivudine,204I
KP406325.1,Lamivudine,80I
KP406325.1,Telbivudine,204I
KP406325.1,Telbivudine,80I
KP406324.1,Lamivudine,204I
KP406324.1,Lamivudine,80I
KP406324.1,Telbivudine,204I
KP406324.1,Telbivudine,80I
KP406323.1,Lamivudine,204I
KP406323.1,Lamivudine,80I
KP406323.1,Telbivudine,204I
KP406323.1,Telbivudine,80I
KP406322.1,Lamivudine,204I
KP406322.1,Lamivudine,80I
KP406322.1,Telbivudine,204I
KP406322.1,Telbivudine,80I
KP406321.1,Lamivudine,204I
KP406321.1,Lamivudine,80I
KP406321.1,Telbivudine,204I
KP406321.1,Telbivudine,80I
KP406320.1,Lamivudine,204I
KP406320.1,Lamivudine,80I
KP406320.1,Telbivudine,204I
KP406320.1,Telbivudine,80I
KP406319.1,Lamivudine,204I
KP406319.1,Lamivudine,80I
KP406319.1,Telbivudine,204I
KP406319.1,Telbivudine,80I
KP406318.1,Lamivudine,204I
KP406318.1,Lamivudine,80I
KP406318.1,Telbivudine,204I
KP406318.1,Telbivudine,80I
KM213036.1,Lamivudine,180M
KM213036.1,Lamivudine,204V
KM213036.1,Entecavir,184A
KM213036.1,Entecavir,204V
KM213036.1,Entecavir,180M
KM213036.1,Telbivudine,204V
KJ843187.1,Lamivudine,204I
KJ843187.1,Lamivudine,80V
KJ843187.1,Telbivudine,204I
KJ843187.1,Telbivudine,80V
KJ803821.1,Lamivudine,204I
KJ803821.1,Telbivudine,204I
KJ803769.1,Lamivudine,180M
KJ803769.1,Lamivudine,204I
KJ803769.1,Telbivudine,204I
KF849723.1,Lamivudine,173L
KF849723.1,Lamivudine,180M
KF849723.1,Lamivudine,204V
KF849723.1,Telbivudine,204V
KF849720.1,Lamivudine,180M
KF849720.1,Lamivudine,181V
KF849720.1,Adefovir,181V
KF849720.1,Telbivudine,181V
KF779300.1,Lamivudine,204I
KF779300.1,Telbivudine,204I
KF779211.1,Lamivudine,204I
KF779211.1,Telbivudine,204I
KF779210.1,Lamivudine,204I
KF779210.1,Telbivudine,204I
KF767452.1,Lamivudine,180M
KF767452.1,Lamivudine,204V
KF767452.1,Telbivudine,204V
KF767451.1,Lamivudine,173L
KF767451.1,Lamivudine,180M
KF767451.1,Lamivudine,204V
KF767451.1,Telbivudine,204V
KF471656.1,Lamivudine,181V
KF471656.1,Adefovir,181V
KF471656.1,Telbivudine,181V
KF471645.1,Lamivudine,181T
KF471645.1,Adefovir,181T
KF471645.1,Telbivudine,181T
KF414679.1,Lamivudine,180M
KF414679.1,Lamivudine,204V
KF414679.1,Telbivudine,204V
KF356417.1,Lamivudine,181V
KF356417.1,Adefovir,181V
KF356417.1,Telbivudine,181V
KC494401.1,Lamivudine,180M
KC494401.1,Lamivudine,204V
KC494401.1,Telbivudine,204V
JX560520.1,Lamivudine,173L
JX560520.1,Lamivudine,180M
JX560520.1,Lamivudine,204V
JX560520.1,Telbivudine,204V
JQ707774.1,Lamivudine,204I
JQ707774.1,Lamivudine,80V
JQ707774.1,Telbivudine,204I
JQ707774.1,Telbivudine,80V
JQ707773.1,Lamivudine,204I
JQ707773.1,Lamivudine,80V
JQ707773.1,Telbivudine,204I
JQ707773.1,Telbivudine,80V
JQ707772.1,Lamivudine,204I
JQ707772.1,Lamivudine,80V
JQ707772.1,Telbivudine,204I
JQ707772.1,Telbivudine,80V
JQ707771.1,Lamivudine,204I
JQ707771.1,Lamivudine,80V
JQ707771.1,Telbivudine,204I
JQ707771.1,Telbivudine,80V
JQ707770.1,Lamivudine,204I
JQ707770.1,Lamivudine,80V
JQ707770.1,Telbivudine,204I
JQ707770.1,Telbivudine,80V
JQ707769.1,Lamivudine,204I
JQ707769.1,Lamivudine,80V
JQ707769.1,Telbivudine,204I
JQ707769.1,Telbivudine,80V
JQ707768.1,Lamivudine,204I
JQ707768.1,Lamivudine,80V
JQ707768.1,Telbivudine,204I
JQ707768.1,Telbivudine,80V
JQ707767.1,Lamivudine,204I
JQ707767.1,Telbivudine,204I
JQ707766.1,Lamivudine,204I
JQ707766.1,Telbivudine,204I
JQ707765.1,Lamivudine,204I
JQ707765.1,Telbivudine,204I
JQ707764.1,Lamivudine,204I
JQ707764.1,Telbivudine,204I
JQ707763.1,Lamivudine,204I
JQ707763.1,Telbivudine,204I
JQ707762.1,Lamivudine,204I
JQ707762.1,Telbivudine,204I
JQ707761.1,Lamivudine,204I
JQ707761.1,Lamivudine,181T
JQ707761.1,Adefovir,181T
JQ707761.1,Telbivudine,204I
JQ707761.1,Telbivudine,181T
JQ707760.1,Lamivudine,204I
JQ707760.1,Telbivudine,204I
JQ707759.1,Lamivudine,204I
JQ707759.1,Telbivudine,204I
JQ707758.1,Lamivudine,204I
JQ707758.1,Telbivudine,204I
JQ707757.1,Lamivudine,204I
JQ707757.1,Lamivudine,181T
JQ707757.1,Adefovir,181T
JQ707757.1,Telbivudine,204I
JQ707757.1,Telbivudine,181T
JQ707756.1,Lamivudine,204I
JQ707756.1,Lamivudine,181T
JQ707756.1,Adefovir,181T
JQ707756.1,Telbivudine,204I
JQ707756.1,Telbivudine,181T
JQ707755.1,Lamivudine,204I
JQ707755.1,Lamivudine,80I
JQ707755.1,Telbivudine,204I
JQ707755.1,Telbivudine,80I
JQ707754.1,Lamivudine,204I
JQ707754.1,Lamivudine,181T
JQ707754.1,Adefovir,181T
JQ707754.1,Telbivudine,204I
JQ707754.1,Telbivudine,181T
JQ707753.1,Lamivudine,204I
JQ707753.1,Telbivudine,204I
JQ707752.1,Lamivudine,204I
JQ707752.1,Lamivudine,181T
JQ707752.1,Adefovir,181T
JQ707752.1,Telbivudine,204I
JQ707752.1,Telbivudine,181T
JQ707751.1,Lamivudine,204I
JQ707751.1,Lamivudine,181T
JQ707751.1,Adefovir,181T
JQ707751.1,Telbivudine,204I
JQ707751.1,Telbivudine,181T
JQ707750.1,Lamivudine,204I
JQ707750.1,Telbivudine,204I
JQ707749.1,Lamivudine,204I
JQ707749.1,Telbivudine,204I
JQ707748.1,Lamivudine,204I
JQ707748.1,Lamivudine,181T
JQ707748.1,Adefovir,181T
JQ707748.1,Telbivudine,204I
JQ707748.1,Telbivudine,181T
JQ707747.1,Lamivudine,204I
JQ707747.1,Telbivudine,204I
JQ707746.1,Lamivudine,204I
JQ707746.1,Telbivudine,204I
JQ707745.1,Lamivudine,204I
JQ707745.1,Telbivudine,204I
JQ707744.1,Lamivudine,204I
JQ707744.1,Telbivudine,204I
JQ707743.1,Lamivudine,204I
JQ707743.1,Telbivudine,204I
JQ707742.1,Lamivudine,204I
JQ707742.1,Telbivudine,204I
JQ707741.1,Lamivudine,204I
JQ707741.1,Lamivudine,181T
JQ707741.1,Adefovir,181T
JQ707741.1,Telbivudine,204I
JQ707741.1,Telbivudine,181T
JQ707740.1,Lamivudine,180M
JQ707740.1,Lamivudine,204I
JQ707740.1,Lamivudine,80I
JQ707740.1,Telbivudine,204I
JQ707740.1,Telbivudine,80I
JQ707739.1,Lamivudine,204I
JQ707739.1,Lamivudine,80I
JQ707739.1,Telbivudine,204I
JQ707739.1,Telbivudine,80I
JQ707738.1,Lamivudine,204I
JQ707738.1,Telbivudine,204I
JQ707737.1,Lamivudine,204I
JQ707737.1,Telbivudine,204I
JQ707736.1,Lamivudine,204I
JQ707736.1,Lamivudine,181T
JQ707736.1,Adefovir,181T
JQ707736.1,Telbivudine,204I
JQ707736.1,Telbivudine,181T
JQ707735.1,Lamivudine,204I
JQ707735.1,Telbivudine,204I
JQ707734.1,Lamivudine,204I
JQ707734.1,Telbivudine,204I
JQ707733.1,Lamivudine,180M
JQ707733.1,Lamivudine,204V
JQ707733.1,Telbivudine,204V
JQ707732.1,Lamivudine,180M
JQ707732.1,Lamivudine,204I
JQ707732.1,Lamivudine,80I
JQ707732.1,Telbivudine,204I
JQ707732.1,Telbivudine,80I
JQ707731.1,Lamivudine,180M
JQ707731.1,Lamivudine,204I
JQ707731.1,Lamivudine,80I
JQ707731.1,Telbivudine,204I
JQ707731.1,Telbivudine,80I
JQ707730.1,Lamivudine,204I
JQ707730.1,Lamivudine,80I
JQ707730.1,Telbivudine,204I
JQ707730.1,Telbivudine,80I
JQ707729.1,Lamivudine,180M
JQ707729.1,Lamivudine,204I
JQ707729.1,Lamivudine,80I
JQ707729.1,Telbivudine,204I
JQ707729.1,Telbivudine,80I
JQ707728.1,Lamivudine,180M
JQ707728.1,Lamivudine,204I
JQ707728.1,Lamivudine,80I
JQ707728.1,Telbivudine,204I
JQ707728.1,Telbivudine,80I
JQ707727.1,Lamivudine,180M
JQ707727.1,Lamivudine,204I
JQ707727.1,Lamivudine,80I
JQ707727.1,Telbivudine,204I
JQ707727.1,Telbivudine,80I
JQ707726.1,Lamivudine,180M
JQ707726.1,Lamivudine,204I
JQ707726.1,Lamivudine,80I
JQ707726.1,Telbivudine,204I
JQ707726.1,Telbivudine,80I
JQ707725.1,Lamivudine,180M
JQ707725.1,Lamivudine,204I
JQ707725.1,Lamivudine,80I
JQ707725.1,Telbivudine,204I
JQ707725.1,Telbivudine,80I
JQ707724.1,Lamivudine,180M
JQ707724.1,Lamivudine,204I
JQ707724.1,Lamivudine,80I
JQ707724.1,Telbivudine,204I
JQ707724.1,Telbivudine,80I
JQ707723.1,Lamivudine,180M
JQ707723.1,Lamivudine,204I
JQ707723.1,Lamivudine,80I
JQ707723.1,Telbivudine,204I
JQ707723.1,Telbivudine,80I
JQ707722.1,Lamivudine,180M
JQ707722.1,Lamivudine,204I
JQ707722.1,Lamivudine,80I
JQ707722.1,Telbivudine,204I
JQ707722.1,Telbivudine,80I
JQ707721.1,Lamivudine,180M
JQ707721.1,Lamivudine,204I
JQ707721.1,Lamivudine,80I
JQ707721.1,Telbivudine,204I
JQ707721.1,Telbivudine,80I
JQ707720.1,Lamivudine,180M
JQ707720.1,Lamivudine,204I
JQ707720.1,Lamivudine,80I
JQ707720.1,Telbivudine,204I
JQ707720.1,Telbivudine,80I
JQ707719.1,Lamivudine,180M
JQ707719.1,Lamivudine,204I
JQ707719.1,Lamivudine,80I
JQ707719.1,Telbivudine,204I
JQ707719.1,Telbivudine,80I
JQ707718.1,Lamivudine,180M
JQ707718.1,Lamivudine,204I
JQ707718.1,Lamivudine,80I
JQ707718.1,Telbivudine,204I
JQ707718.1,Telbivudine,80I
JQ707717.1,Lamivudine,180M
JQ707717.1,Lamivudine,204I
JQ707717.1,Lamivudine,80I
JQ707717.1,Telbivudine,204I
JQ707717.1,Telbivudine,80I
JQ707716.1,Lamivudine,180M
JQ707716.1,Lamivudine,204I
JQ707716.1,Lamivudine,80I
JQ707716.1,Telbivudine,204I
JQ707716.1,Telbivudine,80I
JQ707715.1,Lamivudine,204I
JQ707715.1,Lamivudine,80I
JQ707715.1,Telbivudine,204I
JQ707715.1,Telbivudine,80I
JQ707714.1,Lamivudine,204I
JQ707714.1,Telbivudine,204I
JQ707713.1,Lamivudine,204I
JQ707713.1,Lamivudine,80I
JQ707713.1,Telbivudine,204I
JQ707713.1,Telbivudine,80I
JQ707712.1,Lamivudine,180M
JQ707712.1,Lamivudine,204I
JQ707712.1,Lamivudine,80I
JQ707712.1,Telbivudine,204I
JQ707712.1,Telbivudine,80I
JQ707711.1,Lamivudine,180M
JQ707711.1,Lamivudine,204I
JQ707711.1,Lamivudine,80I
JQ707711.1,Telbivudine,204I
JQ707711.1,Telbivudine,80I
JQ707710.1,Lamivudine,180M
JQ707710.1,Lamivudine,204I
JQ707710.1,Lamivudine,80I
JQ707710.1,Telbivudine,204I
JQ707710.1,Telbivudine,80I
JQ707709.1,Lamivudine,204I
JQ707709.1,Lamivudine,80I
JQ707709.1,Telbivudine,204I
JQ707709.1,Telbivudine,80I
JQ707708.1,Lamivudine,180M
JQ707708.1,Lamivudine,204I
JQ707708.1,Lamivudine,80I
JQ707708.1,Telbivudine,204I
JQ707708.1,Telbivudine,80I
JQ707707.1,Lamivudine,204I
JQ707707.1,Lamivudine,80I
JQ707707.1,Telbivudine,204I
JQ707707.1,Telbivudine,80I
JQ707706.1,Lamivudine,180M
JQ707706.1,Lamivudine,204I
JQ707706.1,Lamivudine,80I
JQ707706.1,Telbivudine,204I
JQ707706.1,Telbivudine,80I
JQ707705.1,Lamivudine,180M
JQ707705.1,Lamivudine,204I
JQ707705.1,Lamivudine,80I
JQ707705.1,Telbivudine,204I
JQ707705.1,Telbivudine,80I
JQ707704.1,Lamivudine,180M
JQ707704.1,Lamivudine,204I
JQ707704.1,Lamivudine,80I
JQ707704.1,Telbivudine,204I
JQ707704.1,Telbivudine,80I
JQ707703.1,Lamivudine,180M
JQ707703.1,Lamivudine,204I
JQ707703.1,Lamivudine,80I
JQ707703.1,Telbivudine,204I
JQ707703.1,Telbivudine,80I
JQ707702.1,Lamivudine,180M
JQ707702.1,Lamivudine,204I
JQ707702.1,Lamivudine,80I
JQ707702.1,Telbivudine,204I
JQ707702.1,Telbivudine,80I
JQ707701.1,Lamivudine,180M
JQ707701.1,Lamivudine,204I
JQ707701.1,Lamivudine,80I
JQ707701.1,Telbivudine,204I
JQ707701.1,Telbivudine,80I
JQ707700.1,Lamivudine,180M
JQ707700.1,Lamivudine,204I
JQ707700.1,Lamivudine,80I
JQ707700.1,Telbivudine,204I
JQ707700.1,Telbivudine,80I
JQ707699.1,Lamivudine,180M
JQ707699.1,Lamivudine,204I
JQ707699.1,Lamivudine,80I
JQ707699.1,Telbivudine,204I
JQ707699.1,Telbivudine,80I
JQ707698.1,Lamivudine,180M
JQ707698.1,Lamivudine,204I
JQ707698.1,Lamivudine,80I
JQ707698.1,Telbivudine,204I
JQ707698.1,Telbivudine,80I
JQ707697.1,Lamivudine,180M
JQ707697.1,Lamivudine,204I
JQ707697.1,Lamivudine,80I
JQ707697.1,Telbivudine,204I
JQ707697.1,Telbivudine,80I
JQ707696.1,Lamivudine,180M
JQ707696.1,Lamivudine,204I
JQ707696.1,Lamivudine,80I
JQ707696.1,Telbivudine,204I
JQ707696.1,Telbivudine,80I
JQ707695.1,Lamivudine,180M
JQ707695.1,Lamivudine,204I
JQ707695.1,Lamivudine,80I
JQ707695.1,Telbivudine,204I
JQ707695.1,Telbivudine,80I
JQ707694.1,Lamivudine,180M
JQ707694.1,Lamivudine,204I
JQ707694.1,Lamivudine,80I
JQ707694.1,Telbivudine,204I
JQ707694.1,Telbivudine,80I
JQ707693.1,Lamivudine,180M
JQ707693.1,Lamivudine,204I
JQ707693.1,Lamivudine,80I
JQ707693.1,Telbivudine,204I
JQ707693.1,Telbivudine,80I
JQ707692.1,Lamivudine,180M
JQ707692.1,Lamivudine,204I
JQ707692.1,Lamivudine,80I
JQ707692.1,Telbivudine,204I
JQ707692.1,Telbivudine,80I
JQ707691.1,Lamivudine,180M
JQ707691.1,Lamivudine,204I
JQ707691.1,Lamivudine,80I
JQ707691.1,Telbivudine,204I
JQ707691.1,Telbivudine,80I
JQ707690.1,Lamivudine,180M
JQ707690.1,Lamivudine,204I
JQ707690.1,Lamivudine,80I
JQ707690.1,Telbivudine,204I
JQ707690.1,Telbivudine,80I
JQ707689.1,Lamivudine,180M
JQ707689.1,Lamivudine,204I
JQ707689.1,Lamivudine,80I
JQ707689.1,Telbivudine,204I
JQ707689.1,Telbivudine,80I
JQ707688.1,Lamivudine,180M
JQ707688.1,Lamivudine,204I
JQ707688.1,Lamivudine,80I
JQ707688.1,Telbivudine,204I
JQ707688.1,Telbivudine,80I
JQ707687.1,Lamivudine,180M
JQ707687.1,Lamivudine,204I
JQ707687.1,Lamivudine,80I
JQ707687.1,Telbivudine,204I
JQ707687.1,Telbivudine,80I
JQ707686.1,Lamivudine,180M
JQ707686.1,Lamivudine,204I
JQ707686.1,Lamivudine,80I
JQ707686.1,Telbivudine,204I
JQ707686.1,Telbivudine,80I
JQ707685.1,Lamivudine,180M
JQ707685.1,Lamivudine,204I
JQ707685.1,Lamivudine,80I
JQ707685.1,Telbivudine,204I
JQ707685.1,Telbivudine,80I
JQ707684.1,Lamivudine,180M
JQ707684.1,Lamivudine,204I
JQ707684.1,Lamivudine,80I
JQ707684.1,Telbivudine,204I
JQ707684.1,Telbivudine,80I
JQ707683.1,Lamivudine,180M
JQ707683.1,Lamivudine,204I
JQ707683.1,Lamivudine,80I
JQ707683.1,Telbivudine,204I
JQ707683.1,Telbivudine,80I
JQ707682.1,Lamivudine,180M
JQ707682.1,Lamivudine,204I
JQ707682.1,Lamivudine,80I
JQ707682.1,Telbivudine,204I
JQ707682.1,Telbivudine,80I
JQ707681.1,Lamivudine,180M
JQ707681.1,Lamivudine,204V
JQ707681.1,Telbivudine,204V
JQ707680.1,Lamivudine,204I
JQ707680.1,Telbivudine,204I
JQ707679.1,Lamivudine,204I
JQ707679.1,Telbivudine,204I
JQ707678.1,Lamivudine,204I
JQ707678.1,Telbivudine,204I
JQ707677.1,Lamivudine,204I
JQ707677.1,Lamivudine,80I
JQ707677.1,Telbivudine,204I
JQ707677.1,Telbivudine,80I
JQ707676.1,Lamivudine,180M
JQ707676.1,Lamivudine,204V
JQ707676.1,Telbivudine,204V
JQ707675.1,Lamivudine,180M
JQ707675.1,Lamivudine,204V
JQ707675.1,Telbivudine,204V
JQ707674.1,Lamivudine,173M
JQ707674.1,Lamivudine,180M
JQ707674.1,Lamivudine,204V
JQ707674.1,Telbivudine,204V
JQ707673.1,Lamivudine,204I
JQ707673.1,Telbivudine,204I
JQ707672.1,Lamivudine,180M
JQ707672.1,Lamivudine,204V
JQ707672.1,Telbivudine,204V
JQ707671.1,Lamivudine,204I
JQ707671.1,Telbivudine,204I
JQ707670.1,Lamivudine,180M
JQ707670.1,Lamivudine,204V
JQ707670.1,Telbivudine,204V
JQ707669.1,Lamivudine,180M
JQ707669.1,Lamivudine,204V
JQ707669.1,Telbivudine,204V
JQ707668.1,Lamivudine,204I
JQ707668.1,Telbivudine,204I
JQ707667.1,Lamivudine,180M
JQ707667.1,Lamivudine,204V
JQ707667.1,Telbivudine,204V
JQ707666.1,Lamivudine,204I
JQ707666.1,Telbivudine,204I
JQ707665.1,Lamivudine,180M
JQ707665.1,Lamivudine,204V
JQ707665.1,Telbivudine,204V
JQ707664.1,Lamivudine,180M
JQ707664.1,Lamivudine,204V
JQ707664.1,Telbivudine,204V
JQ707663.1,Lamivudine,180M
JQ707663.1,Lamivudine,204V
JQ707663.1,Telbivudine,204V
JQ707662.1,Lamivudine,180M
JQ707662.1,Lamivudine,204V
JQ707662.1,Telbivudine,204V
JQ707661.1,Lamivudine,180M
JQ707661.1,Lamivudine,204V
JQ707661.1,Telbivudine,204V
JQ707660.1,Lamivudine,204I
JQ707660.1,Telbivudine,204I
JQ707659.1,Lamivudine,180M
JQ707659.1,Lamivudine,204V
JQ707659.1,Telbivudine,204V
JQ707658.1,Lamivudine,180M
JQ707658.1,Lamivudine,204V
JQ707658.1,Telbivudine,204V
JQ707657.1,Lamivudine,204I
JQ707657.1,Telbivudine,204I
JQ707656.1,Lamivudine,180M
JQ707656.1,Lamivudine,204V
JQ707656.1,Telbivudine,204V
JQ707655.1,Lamivudine,180M
JQ707655.1,Lamivudine,204V
JQ707655.1,Telbivudine,204V
JQ707654.1,Lamivudine,180M
JQ707654.1,Lamivudine,204V
JQ707654.1,Telbivudine,204V
JQ707653.1,Lamivudine,180M
JQ707653.1,Lamivudine,204V
JQ707653.1,Telbivudine,204V
JQ707652.1,Lamivudine,180M
JQ707652.1,Lamivudine,204V
JQ707652.1,Telbivudine,204V
JQ707651.1,Lamivudine,180M
JQ707651.1,Lamivudine,204V
JQ707651.1,Telbivudine,204V
JQ707650.1,Lamivudine,180M
JQ707650.1,Lamivudine,204V
JQ707650.1,Telbivudine,204V
JQ707649.1,Lamivudine,180M
JQ707649.1,Lamivudine,204V
JQ707649.1,Telbivudine,204V
JQ707648.1,Lamivudine,180M
JQ707648.1,Lamivudine,204V
JQ707648.1,Telbivudine,204V
JQ707647.1,Lamivudine,180M
JQ707647.1,Lamivudine,204V
JQ707647.1,Telbivudine,204V
JQ707646.1,Lamivudine,180M
JQ707646.1,Lamivudine,204V
JQ707646.1,Telbivudine,204V
JQ707645.1,Lamivudine,180M
JQ707645.1,Lamivudine,204V
JQ707645.1,Telbivudine,204V
JQ707644.1,Lamivudine,180M
JQ707644.1,Lamivudine,204V
JQ707644.1,Telbivudine,204V
JQ707643.1,Lamivudine,180M
JQ707643.1,Lamivudine,204V
JQ707643.1,Telbivudine,204V
JQ707642.1,Lamivudine,180M
JQ707642.1,Lamivudine,204V
JQ707642.1,Telbivudine,204V
JQ707641.1,Lamivudine,180M
JQ707641.1,Lamivudine,204V
JQ707641.1,Telbivudine,204V
JQ707640.1,Lamivudine,180M
JQ707640.1,Lamivudine,204V
JQ707640.1,Telbivudine,204V
JQ707639.1,Lamivudine,180M
JQ707639.1,Lamivudine,204V
JQ707639.1,Telbivudine,204V
JQ707638.1,Lamivudine,180M
JQ707638.1,Lamivudine,204V
JQ707638.1,Telbivudine,204V
JQ707608.1,Lamivudine,180M
JQ707608.1,Lamivudine,204V
JQ707608.1,Telbivudine,204V
JQ707607.1,Lamivudine,180M
JQ707607.1,Lamivudine,204V
JQ707607.1,Telbivudine,204V
JQ707606.1,Lamivudine,180M
JQ707606.1,Lamivudine,204I
JQ707606.1,Telbivudine,204I
JQ707605.1,Lamivudine,180M
JQ707605.1,Lamivudine,204V
JQ707605.1,Telbivudine,204V
JQ707603.1,Lamivudine,180M
JQ707603.1,Lamivudine,204I
JQ707603.1,Telbivudine,204I
JQ707602.1,Lamivudine,180M
JQ707602.1,Lamivudine,204V
JQ707602.1,Telbivudine,204V
JQ707601.1,Lamivudine,180M
JQ707601.1,Lamivudine,204V
JQ707601.1,Telbivudine,204V
JQ707600.1,Lamivudine,180M
JQ707600.1,Lamivudine,204V
JQ707600.1,Telbivudine,204V
JQ707599.1,Lamivudine,173L
JQ707599.1,Lamivudine,180M
JQ707599.1,Lamivudine,204V
JQ707599.1,Telbivudine,204V
JQ707598.1,Lamivudine,180M
JQ707598.1,Lamivudine,204V
JQ707598.1,Telbivudine,204V
JQ707597.1,Lamivudine,180M
JQ707597.1,Lamivudine,204V
JQ707597.1,Telbivudine,204V
JQ707596.1,Lamivudine,180M
JQ707596.1,Lamivudine,204V
JQ707596.1,Telbivudine,204V
JQ707595.1,Lamivudine,180M
JQ707595.1,Lamivudine,204V
JQ707595.1,Telbivudine,204V
JQ707594.1,Lamivudine,180M
JQ707594.1,Lamivudine,204V
JQ707594.1,Telbivudine,204V
JQ707593.1,Lamivudine,180M
JQ707593.1,Lamivudine,204V
JQ707593.1,Telbivudine,204V
JQ707592.1,Lamivudine,180M
JQ707592.1,Lamivudine,204V
JQ707592.1,Telbivudine,204V
JQ707591.1,Lamivudine,180M
JQ707591.1,Lamivudine,204V
JQ707591.1,Telbivudine,204V
JQ707590.1,Lamivudine,180M
JQ707590.1,Lamivudine,204V
JQ707590.1,Telbivudine,204V
JQ707589.1,Lamivudine,180M
JQ707589.1,Lamivudine,204V
JQ707589.1,Telbivudine,204V
JQ707588.1,Lamivudine,180M
JQ707588.1,Lamivudine,204V
JQ707588.1,Telbivudine,204V
JQ707587.1,Lamivudine,180M
JQ707587.1,Lamivudine,204I
JQ707587.1,Telbivudine,204I
JQ707586.1,Lamivudine,180M
JQ707586.1,Lamivudine,204V
JQ707586.1,Telbivudine,204V
JQ707585.1,Lamivudine,180M
JQ707585.1,Lamivudine,204V
JQ707585.1,Telbivudine,204V
JQ707584.1,Lamivudine,180M
JQ707584.1,Lamivudine,204V
JQ707584.1,Telbivudine,204V
JQ707583.1,Lamivudine,180M
JQ707583.1,Lamivudine,204I
JQ707583.1,Telbivudine,204I
JQ707582.1,Lamivudine,180M
JQ707582.1,Lamivudine,204V
JQ707582.1,Telbivudine,204V
JQ707581.1,Lamivudine,180M
JQ707581.1,Lamivudine,204I
JQ707581.1,Telbivudine,204I
JQ707580.1,Lamivudine,180M
JQ707580.1,Lamivudine,204I
JQ707580.1,Telbivudine,204I
JQ707579.1,Lamivudine,180M
JQ707579.1,Lamivudine,204V
JQ707579.1,Telbivudine,204V
JQ707578.1,Lamivudine,180M
JQ707578.1,Lamivudine,204I
JQ707578.1,Telbivudine,204I
JQ707577.1,Lamivudine,180M
JQ707577.1,Lamivudine,204V
JQ707577.1,Telbivudine,204V
JQ707576.1,Lamivudine,180M
JQ707576.1,Lamivudine,204V
JQ707576.1,Telbivudine,204V
JQ707575.1,Lamivudine,180M
JQ707575.1,Lamivudine,204I
JQ707575.1,Telbivudine,204I
JQ707574.1,Lamivudine,180M
JQ707574.1,Lamivudine,204V
JQ707574.1,Telbivudine,204V
JQ707530.1,Lamivudine,180M
JQ707530.1,Lamivudine,204V
JQ707530.1,Telbivudine,204V
JQ707529.1,Lamivudine,180M
JQ707529.1,Lamivudine,204V
JQ707529.1,Telbivudine,204V
JQ707528.1,Lamivudine,180M
JQ707528.1,Lamivudine,204V
JQ707528.1,Telbivudine,204V
JQ707526.1,Lamivudine,180M
JQ707526.1,Lamivudine,204V
JQ707526.1,Telbivudine,204V
JQ707525.1,Lamivudine,180M
JQ707525.1,Lamivudine,204V
JQ707525.1,Telbivudine,204V
JQ707524.1,Lamivudine,180M
JQ707524.1,Lamivudine,204V
JQ707524.1,Telbivudine,204V
JQ707523.1,Lamivudine,180M
JQ707523.1,Lamivudine,204V
JQ707523.1,Telbivudine,204V
JQ707522.1,Lamivudine,180M
JQ707522.1,Lamivudine,204V
JQ707522.1,Telbivudine,204V
JQ707521.1,Lamivudine,180M
JQ707521.1,Lamivudine,204V
JQ707521.1,Telbivudine,204V
JQ707520.1,Lamivudine,180M
JQ707520.1,Lamivudine,204V
JQ707520.1,Telbivudine,204V
JQ707519.1,Lamivudine,180M
JQ707519.1,Lamivudine,204V
JQ707519.1,Telbivudine,204V
JQ707518.1,Lamivudine,180M
JQ707518.1,Lamivudine,204V
JQ707518.1,Telbivudine,204V
JQ707517.1,Lamivudine,173L
JQ707517.1,Lamivudine,180M
JQ707517.1,Lamivudine,204V
JQ707517.1,Telbivudine,204V
JQ707516.1,Lamivudine,180M
JQ707516.1,Lamivudine,204V
JQ707516.1,Telbivudine,204V
JQ707515.1,Lamivudine,180M
JQ707515.1,Lamivudine,204V
JQ707515.1,Telbivudine,204V
JQ707514.1,Lamivudine,180M
JQ707514.1,Lamivudine,204V
JQ707514.1,Telbivudine,204V
JQ707513.1,Lamivudine,173L
JQ707513.1,Lamivudine,180M
JQ707513.1,Lamivudine,204V
JQ707513.1,Telbivudine,204V
JQ707512.1,Lamivudine,180M
JQ707512.1,Lamivudine,204V
JQ707512.1,Telbivudine,204V
JQ707443.1,Lamivudine,204I
JQ707443.1,Telbivudine,204I
JQ707420.1,Lamivudine,180M
JQ707420.1,Lamivudine,204V
JQ707420.1,Telbivudine,204V
JQ707419.1,Lamivudine,180M
JQ707419.1,Lamivudine,204V
JQ707419.1,Telbivudine,204V
JQ707418.1,Lamivudine,180M
JQ707418.1,Lamivudine,204V
JQ707418.1,Telbivudine,204V
JQ707417.1,Lamivudine,180M
JQ707417.1,Lamivudine,204V
JQ707417.1,Telbivudine,204V
JQ707416.1,Lamivudine,180M
JQ707416.1,Lamivudine,204V
JQ707416.1,Telbivudine,204V
JQ707415.1,Lamivudine,180M
JQ707415.1,Lamivudine,204V
JQ707415.1,Telbivudine,204V
JQ707414.1,Lamivudine,180M
JQ707414.1,Lamivudine,204V
JQ707414.1,Telbivudine,204V
JQ707413.1,Lamivudine,180M
JQ707413.1,Lamivudine,204V
JQ707413.1,Telbivudine,204V
JQ707412.1,Lamivudine,180M
JQ707412.1,Lamivudine,204V
JQ707412.1,Telbivudine,204V
JQ707411.1,Lamivudine,180M
JQ707411.1,Lamivudine,204V
JQ707411.1,Telbivudine,204V
JQ707410.1,Lamivudine,180M
JQ707410.1,Lamivudine,204V
JQ707410.1,Telbivudine,204V
JQ707409.1,Lamivudine,180M
JQ707409.1,Lamivudine,204V
JQ707409.1,Telbivudine,204V
JQ707408.1,Lamivudine,180M
JQ707408.1,Lamivudine,204V
JQ707408.1,Telbivudine,204V
JQ707407.1,Lamivudine,180M
JQ707407.1,Lamivudine,204V
JQ707407.1,Telbivudine,204V
JQ707406.1,Lamivudine,180M
JQ707406.1,Lamivudine,204V
JQ707406.1,Telbivudine,204V
JQ707405.1,Lamivudine,180M
JQ707405.1,Lamivudine,204V
JQ707405.1,Telbivudine,204V
JQ707404.1,Lamivudine,180M
JQ707404.1,Lamivudine,204V
JQ707404.1,Telbivudine,204V
JQ707403.1,Lamivudine,180M
JQ707403.1,Lamivudine,204V
JQ707403.1,Telbivudine,204V
JQ707402.1,Lamivudine,180M
JQ707402.1,Lamivudine,204V
JQ707402.1,Telbivudine,204V
JQ707401.1,Lamivudine,180M
JQ707401.1,Lamivudine,204V
JQ707401.1,Telbivudine,204V
JQ707400.1,Lamivudine,180M
JQ707400.1,Lamivudine,204V
JQ707400.1,Telbivudine,204V
JQ707398.1,Adefovir,236T
JQ707384.1,Lamivudine,204I
JQ707384.1,Telbivudine,204I
JQ707370.1,Lamivudine,180M
JQ707370.1,Lamivudine,204V
JQ707370.1,Telbivudine,204V
JQ707369.1,Lamivudine,180M
JQ707369.1,Lamivudine,204V
JQ707369.1,Telbivudine,204V
JQ707368.1,Lamivudine,180M
JQ707368.1,Lamivudine,204V
JQ707368.1,Telbivudine,204V
JQ707367.1,Lamivudine,180M
JQ707367.1,Lamivudine,204V
JQ707367.1,Telbivudine,204V
JQ707366.1,Lamivudine,180M
JQ707366.1,Lamivudine,204V
JQ707366.1,Telbivudine,204V
JQ707365.1,Lamivudine,180M
JQ707365.1,Lamivudine,204V
JQ707365.1,Telbivudine,204V
JQ707364.1,Lamivudine,180M
JQ707364.1,Lamivudine,204V
JQ707364.1,Telbivudine,204V
JQ707363.1,Lamivudine,180M
JQ707363.1,Lamivudine,204V
JQ707363.1,Telbivudine,204V
JQ707362.1,Lamivudine,180M
JQ707362.1,Lamivudine,204V
JQ707362.1,Telbivudine,204V
JQ707361.1,Lamivudine,180M
JQ707361.1,Lamivudine,204V
JQ707361.1,Telbivudine,204V
JQ707360.1,Lamivudine,180M
JQ707360.1,Lamivudine,204V
JQ707360.1,Telbivudine,204V
JQ707359.1,Lamivudine,180M
JQ707359.1,Lamivudine,204V
JQ707359.1,Telbivudine,204V
JQ707358.1,Lamivudine,180M
JQ707358.1,Lamivudine,204V
JQ707358.1,Telbivudine,204V
JQ707357.1,Lamivudine,180M
JQ707357.1,Lamivudine,204V
JQ707357.1,Telbivudine,204V
JQ707356.1,Lamivudine,180M
JQ707356.1,Lamivudine,204V
JQ707356.1,Telbivudine,204V
JQ707355.1,Lamivudine,180M
JQ707355.1,Lamivudine,204V
JQ707355.1,Telbivudine,204V
JQ707354.1,Lamivudine,180M
JQ707354.1,Lamivudine,204V
JQ707354.1,Telbivudine,204V
JQ707353.1,Lamivudine,180M
JQ707353.1,Lamivudine,204V
JQ707353.1,Telbivudine,204V
JQ707352.1,Lamivudine,180M
JQ707352.1,Lamivudine,204V
JQ707352.1,Telbivudine,204V
JQ707351.1,Lamivudine,180M
JQ707351.1,Lamivudine,204V
JQ707351.1,Telbivudine,204V
JQ707350.1,Lamivudine,180M
JQ707350.1,Lamivudine,204V
JQ707350.1,Telbivudine,204V
JQ707349.1,Lamivudine,180M
JQ707349.1,Lamivudine,204V
JQ707349.1,Telbivudine,204V
JQ707348.1,Lamivudine,180M
JQ707348.1,Lamivudine,204V
JQ707348.1,Telbivudine,204V
JQ707347.1,Lamivudine,180M
JQ707347.1,Lamivudine,204V
JQ707347.1,Telbivudine,204V
JQ707346.1,Lamivudine,180M
JQ707346.1,Lamivudine,204V
JQ707346.1,Telbivudine,204V
JQ707345.1,Lamivudine,180M
JQ707345.1,Lamivudine,204V
JQ707345.1,Telbivudine,204V
JQ272888.1,Lamivudine,180M
JQ272888.1,Lamivudine,204V
JQ272888.1,Telbivudine,204V
JQ040168.1,Lamivudine,180M
JQ040168.1,Lamivudine,204I
JQ040168.1,Telbivudine,204I
JQ040164.1,Lamivudine,180M
JQ040164.1,Lamivudine,204V
JQ040164.1,Telbivudine,204V
JQ040149.1,Lamivudine,180M
JQ040149.1,Lamivudine,204I
JQ040149.1,Lamivudine,80V
JQ040149.1,Telbivudine,204I
JQ040149.1,Telbivudine,80V
JQ040146.1,Lamivudine,173M
JQ040146.1,Lamivudine,180V
JQ040146.1,Lamivudine,204I
JQ040146.1,Entecavir,184I
JQ040146.1,Entecavir,204I
JQ040146.1,Entecavir,180V
JQ040146.1,Telbivudine,204I
JQ040143.1,Lamivudine,180M
JQ040143.1,Lamivudine,204I
JQ040143.1,Lamivudine,80I
JQ040143.1,Telbivudine,204I
JQ040143.1,Telbivudine,80I
JQ040132.1,Lamivudine,204I
JQ040132.1,Lamivudine,80I
JQ040132.1,Telbivudine,204I
JQ040132.1,Telbivudine,80I
JN827425.1,Lamivudine,180M
JN827425.1,Lamivudine,204V
JN827425.1,Telbivudine,204V
JN827424.1,Lamivudine,180M
JN827424.1,Lamivudine,204V
JN827424.1,Telbivudine,204V
JN827423.1,Lamivudine,173L
JN827423.1,Lamivudine,180M
JN827423.1,Lamivudine,204V
JN827423.1,Telbivudine,204V
JN827422.1,Lamivudine,180M
JN827422.1,Lamivudine,204I
JN827422.1,Lamivudine,80I
JN827422.1,Telbivudine,204I
JN827422.1,Telbivudine,80I
JN827421.1,Lamivudine,173L
JN827421.1,Lamivudine,180M
JN827421.1,Lamivudine,204V
JN827421.1,Telbivudine,204V
JN827419.1,Lamivudine,180M
JN827419.1,Lamivudine,204V
JN827419.1,Telbivudine,204V
JN827418.1,Lamivudine,173L
JN827418.1,Lamivudine,180M
JN827418.1,Lamivudine,204V
JN827418.1,Telbivudine,204V
JN827416.1,Lamivudine,204V
JN827416.1,Entecavir,202G
JN827416.1,Entecavir,204V
JN827416.1,Telbivudine,204V
JN827414.1,Lamivudine,180M
JN827414.1,Lamivudine,204V
JN827414.1,Telbivudine,204V
JN257215.1,Lamivudine,180M
JN257215.1,Lamivudine,204I
JN257215.1,Lamivudine,80I
JN257215.1,Telbivudine,204I
JN257215.1,Telbivudine,80I
JN257214.1,Lamivudine,180M
JN257214.1,Lamivudine,204I
JN257214.1,Lamivudine,80I
JN257214.1,Telbivudine,204I
JN257214.1,Telbivudine,80I
JN257186.1,Lamivudine,180M
JN257186.1,Lamivudine,204V
JN257186.1,Lamivudine,80V
JN257186.1,Telbivudine,204V
JN257186.1,Telbivudine,80V
JN257148.1,Lamivudine,180M
JN257148.1,Lamivudine,204I
JN257148.1,Telbivudine,204I
JN040822.1,Lamivudine,180M
JN040822.1,Lamivudine,204I
JN040822.1,Lamivudine,80V
JN040822.1,Entecavir,184S
JN040822.1,Entecavir,204I
JN040822.1,Entecavir,180M
JN040822.1,Telbivudine,204I
JN040822.1,Telbivudine,80V
JN040820.1,Lamivudine,173L
JN040820.1,Lamivudine,180M
JN040820.1,Lamivudine,204V
JN040820.1,Telbivudine,204V
JN040814.1,Lamivudine,180M
JN040814.1,Lamivudine,204I
JN040814.1,Lamivudine,80I
JN040814.1,Telbivudine,204I
JN040814.1,Telbivudine,80I
JN040812.1,Lamivudine,204I
JN040812.1,Telbivudine,204I
JN040806.1,Lamivudine,204I
JN040806.1,Lamivudine,80I
JN040806.1,Telbivudine,204I
JN040806.1,Telbivudine,80I
JN040804.1,Lamivudine,180M
JN040804.1,Lamivudine,204V
JN040804.1,Telbivudine,204V
JN040784.1,Lamivudine,173L
JN040784.1,Lamivudine,180M
JN040784.1,Lamivudine,204V
JN040784.1,Telbivudine,204V
JN040775.1,Lamivudine,173L
JN040775.1,Lamivudine,180M
JN040775.1,Lamivudine,204V
JN040775.1,Telbivudine,204V
JN040760.1,Lamivudine,204I
JN040760.1,Telbivudine,204I
JN040759.1,Lamivudine,204I
JN040759.1,Lamivudine,80I
JN040759.1,Telbivudine,204I
JN040759.1,Telbivudine,80I
JN040753.1,Lamivudine,180M
JN040753.1,Lamivudine,204I
JN040753.1,Lamivudine,80I
JN040753.1,Telbivudine,204I
JN040753.1,Telbivudine,80I
JF828938.1,Lamivudine,180M
JF828938.1,Lamivudine,204V
JF828938.1,Telbivudine,204V
JF828937.1,Lamivudine,180M
JF828937.1,Lamivudine,204V
JF828937.1,Entecavir,184A
JF828937.1,Entecavir,204V
JF828937.1,Entecavir,180M
JF828937.1,Telbivudine,204V
JF828936.1,Lamivudine,180M
JF828936.1,Lamivudine,204V
JF828936.1,Telbivudine,204V
JF828935.1,Lamivudine,180M
JF828935.1,Lamivudine,204V
JF828935.1,Entecavir,184A
JF828935.1,Entecavir,204V
JF828935.1,Entecavir,180M
JF828935.1,Telbivudine,204V
JF828934.1,Lamivudine,180M
JF828934.1,Lamivudine,204V
JF828934.1,Telbivudine,204V
JF828933.1,Lamivudine,180M
JF828933.1,Lamivudine,204V
JF828933.1,Telbivudine,204V
JF828932.1,Lamivudine,180M
JF828932.1,Lamivudine,204V
JF828932.1,Entecavir,184S
JF828932.1,Entecavir,204V
JF828932.1,Entecavir,180M
JF828932.1,Telbivudine,204V
JF828931.1,Lamivudine,180M
JF828931.1,Lamivudine,204V
JF828931.1,Telbivudine,204V
JF828930.1,Lamivudine,180M
JF828930.1,Lamivudine,204V
JF828930.1,Telbivudine,204V
JF828929.1,Lamivudine,180M
JF828929.1,Lamivudine,204V
JF828929.1,Telbivudine,204V
JF828928.1,Lamivudine,180M
JF828928.1,Lamivudine,204V
JF828928.1,Entecavir,202G
JF828928.1,Entecavir,204V
JF828928.1,Entecavir,180M
JF828928.1,Telbivudine,204V
JF828927.1,Lamivudine,180M
JF828927.1,Lamivudine,204V
JF828927.1,Telbivudine,204V
JF828926.1,Lamivudine,180M
JF828926.1,Lamivudine,204V
JF828926.1,Telbivudine,204V
JF828925.1,Lamivudine,180M
JF828925.1,Lamivudine,204V
JF828925.1,Telbivudine,204V
JF828924.1,Lamivudine,180M
JF828924.1,Lamivudine,204V
JF828924.1,Telbivudine,204V
JF828923.1,Lamivudine,180M
JF828923.1,Lamivudine,204V
JF828923.1,Telbivudine,204V
JF828922.1,Lamivudine,180M
JF828922.1,Lamivudine,204V
JF828922.1,Entecavir,202G
JF828922.1,Entecavir,204V
JF828922.1,Entecavir,180M
JF828922.1,Telbivudine,204V
JF828921.1,Lamivudine,180M
JF828921.1,Lamivudine,204V
JF828921.1,Telbivudine,204V
JF828920.1,Lamivudine,180M
JF828920.1,Lamivudine,204V
JF828920.1,Telbivudine,204V
JF828919.1,Lamivudine,180M
JF828919.1,Lamivudine,204V
JF828919.1,Entecavir,169T
JF828919.1,Entecavir,250V
JF828919.1,Entecavir,204V
JF828919.1,Entecavir,180M
JF828919.1,Telbivudine,204V
JF828918.1,Lamivudine,180M
JF828918.1,Lamivudine,204V
JF828918.1,Telbivudine,204V
JF828917.1,Lamivudine,180M
JF828917.1,Lamivudine,204V
JF828917.1,Entecavir,250V
JF828917.1,Entecavir,204V
JF828917.1,Entecavir,184L
JF828917.1,Entecavir,180M
JF828917.1,Telbivudine,204V
JF828916.1,Lamivudine,180M
JF828916.1,Lamivudine,204V
JF828916.1,Entecavir,169T
JF828916.1,Entecavir,250V
JF828916.1,Entecavir,204V
JF828916.1,Entecavir,180M
JF828916.1,Telbivudine,204V
JF828915.1,Lamivudine,180M
JF828915.1,Lamivudine,204V
JF828915.1,Telbivudine,204V
JF828914.1,Lamivudine,180M
JF828914.1,Lamivudine,204V
JF828914.1,Telbivudine,204V
JF828913.1,Lamivudine,180M
JF828913.1,Lamivudine,204V
JF828913.1,Telbivudine,204V
JF828912.1,Lamivudine,180M
JF828912.1,Lamivudine,204V
JF828912.1,Telbivudine,204V
JF828911.1,Lamivudine,180M
JF828911.1,Lamivudine,204V
JF828911.1,Telbivudine,204V
JF828910.1,Lamivudine,173M
JF828910.1,Lamivudine,180M
JF828910.1,Lamivudine,204V
JF828910.1,Entecavir,184A
JF828910.1,Entecavir,204V
JF828910.1,Entecavir,180M
JF828910.1,Telbivudine,204V
JF828909.1,Lamivudine,173M
JF828909.1,Lamivudine,180M
JF828909.1,Lamivudine,204V
JF828909.1,Entecavir,184A
JF828909.1,Entecavir,204V
JF828909.1,Entecavir,180M
JF828909.1,Telbivudine,204V
JF828908.1,Lamivudine,173M
JF828908.1,Lamivudine,180M
JF828908.1,Lamivudine,204V
JF828908.1,Entecavir,184A
JF828908.1,Entecavir,204V
JF828908.1,Entecavir,180M
JF828908.1,Telbivudine,204V
JF828907.1,Lamivudine,180M
JF828907.1,Lamivudine,204V
JF828907.1,Telbivudine,204V
JF828906.1,Lamivudine,180M
JF828906.1,Lamivudine,204V
JF828906.1,Entecavir,169T
JF828906.1,Entecavir,204V
JF828906.1,Entecavir,184L
JF828906.1,Entecavir,180M
JF828906.1,Telbivudine,204V
JF828905.1,Lamivudine,173M
JF828905.1,Lamivudine,180M
JF828905.1,Lamivudine,204V
JF828905.1,Entecavir,169T
JF828905.1,Entecavir,184A
JF828905.1,Entecavir,204V
JF828905.1,Entecavir,180M
JF828905.1,Telbivudine,204V
HQ700480.1,Lamivudine,204I
HQ700480.1,Telbivudine,204I
HQ684848.1,Lamivudine,204I
HQ684848.1,Telbivudine,204I
HQ638218.1,Lamivudine,180M
HQ638218.1,Lamivudine,204V
HQ638218.1,Telbivudine,204V
HM585200.1,Lamivudine,173L
HM585200.1,Lamivudine,180M
HM585200.1,Lamivudine,204V
HM585200.1,Telbivudine,204V
HM153811.1,Lamivudine,204I
HM153811.1,Lamivudine,80V
HM153811.1,Telbivudine,204I
HM153811.1,Telbivudine,80V
HM117850.2,Lamivudine,173L
HM117850.2,Lamivudine,180M
HM117850.2,Lamivudine,204V
HM117850.2,Telbivudine,204V
GU565217.1,Lamivudine,173L
GU565217.1,Lamivudine,180M
GU565217.1,Lamivudine,204V
GU565217.1,Telbivudine,204V
GU563552.1,Lamivudine,180M
GU563552.1,Lamivudine,204V
GU563552.1,Telbivudine,204V
GU563550.1,Lamivudine,180M
GU563550.1,Lamivudine,204V
GU563550.1,Telbivudine,204V
GU332707.1,Lamivudine,180M
GU332707.1,Lamivudine,204V
GU332707.1,Telbivudine,204V
GU332706.1,Lamivudine,180M
GU332706.1,Lamivudine,204V
GU332706.1,Telbivudine,204V
GU332704.1,Lamivudine,180M
GU332704.1,Lamivudine,204I
GU332704.1,Telbivudine,204I
GU332703.1,Lamivudine,180M
GU332703.1,Lamivudine,204I
GU332703.1,Telbivudine,204I
GU332702.1,Lamivudine,180M
GU332702.1,Lamivudine,204V
GU332702.1,Telbivudine,204V
GU332701.1,Lamivudine,180M
GU332701.1,Lamivudine,204V
GU332701.1,Telbivudine,204V
GU332700.1,Lamivudine,180M
GU332700.1,Lamivudine,204V
GU332700.1,Telbivudine,204V
GU332697.1,Lamivudine,180M
GU332697.1,Lamivudine,204V
GU332697.1,Telbivudine,204V
GU332696.1,Lamivudine,180M
GU332696.1,Lamivudine,204V
GU332696.1,Telbivudine,204V
GU332695.1,Lamivudine,180M
GU332695.1,Lamivudine,204V
GU332695.1,Telbivudine,204V
GU332694.1,Lamivudine,180M
GU332694.1,Lamivudine,204V
GU332694.1,Entecavir,184A
GU332694.1,Entecavir,204V
GU332694.1,Entecavir,180M
GU332694.1,Telbivudine,204V
GU332693.1,Lamivudine,180M
GU332693.1,Lamivudine,204V
GU332693.1,Telbivudine,204V
GU332692.1,Lamivudine,180M
GU332692.1,Lamivudine,204V
GU332692.1,Telbivudine,204V
GU332691.1,Lamivudine,180M
GU332691.1,Lamivudine,204V
GU332691.1,Telbivudine,204V
GU332690.1,Lamivudine,180M
GU332690.1,Lamivudine,204V
GU332690.1,Telbivudine,204V
GU168597.1,Lamivudine,180M
GU168597.1,Lamivudine,204V
GU168597.1,Telbivudine,204V
GU168596.1,Lamivudine,180M
GU168596.1,Lamivudine,204V
GU168596.1,Telbivudine,204V
GU168595.1,Lamivudine,180M
GU168595.1,Lamivudine,204V
GU168595.1,Telbivudine,204V
GU168594.1,Lamivudine,180M
GU168594.1,Lamivudine,204V
GU168594.1,Telbivudine,204V
GQ475351.1,Lamivudine,204I
GQ475351.1,Telbivudine,204I
GQ475335.1,Lamivudine,180M
GQ475335.1,Lamivudine,204V
GQ475335.1,Telbivudine,204V
GQ377628.1,Lamivudine,204V
GQ377628.1,Telbivudine,204V
GQ377613.1,Lamivudine,204I
GQ377613.1,Telbivudine,204I
GQ377573.1,Lamivudine,204I
GQ377573.1,Telbivudine,204I
GQ331048.1,Lamivudine,173M
GQ331048.1,Lamivudine,180M
GQ331048.1,Lamivudine,204V
GQ331048.1,Telbivudine,204V
GQ227697.1,Lamivudine,180M
GQ227697.1,Lamivudine,204V
GQ227697.1,Entecavir,202G
GQ227697.1,Entecavir,204V
GQ227697.1,Entecavir,180M
GQ227697.1,Telbivudine,204V
GQ227692.1,Lamivudine,180M
GQ227692.1,Lamivudine,204V
GQ227692.1,Entecavir,202G
GQ227692.1,Entecavir,204V
GQ227692.1,Entecavir,180M
GQ227692.1,Telbivudine,204V
GQ161788.1,Lamivudine,181V
GQ161788.1,Adefovir,181V
GQ161788.1,Telbivudine,181V
FJ899778.1,Lamivudine,180M
FJ899778.1,Lamivudine,204I
FJ899778.1,Telbivudine,204I
FJ787490.1,Lamivudine,180M
FJ787490.1,Lamivudine,204I
FJ787490.1,Telbivudine,204I
FJ787485.1,Lamivudine,204I
FJ787485.1,Telbivudine,204I
FJ787484.1,Lamivudine,181T
FJ787484.1,Adefovir,181T
FJ787484.1,Telbivudine,181T
FJ787483.1,Lamivudine,204I
FJ787483.1,Telbivudine,204I
FJ787482.1,Lamivudine,204I
FJ787482.1,Telbivudine,204I
FJ787481.1,Lamivudine,180M
FJ787481.1,Lamivudine,204V
FJ787481.1,Telbivudine,204V
FJ787480.1,Lamivudine,173L
FJ787480.1,Lamivudine,180M
FJ787480.1,Lamivudine,204V
FJ787480.1,Telbivudine,204V
FJ787479.1,Lamivudine,181V
FJ787479.1,Adefovir,181V
FJ787479.1,Telbivudine,181V
FJ787478.1,Lamivudine,180M
FJ787478.1,Lamivudine,204V
FJ787478.1,Telbivudine,204V
FJ787474.1,Lamivudine,181T
FJ787474.1,Adefovir,181T
FJ787474.1,Telbivudine,181T
FJ787473.1,Lamivudine,181T
FJ787473.1,Adefovir,181T
FJ787473.1,Telbivudine,181T
FJ787471.1,Lamivudine,173L
FJ787471.1,Lamivudine,180M
FJ787471.1,Lamivudine,204V
FJ787471.1,Telbivudine,204V
FJ787470.1,Lamivudine,173L
FJ787470.1,Lamivudine,180M
FJ787470.1,Lamivudine,204V
FJ787470.1,Telbivudine,204V
FJ787469.1,Lamivudine,204I
FJ787469.1,Lamivudine,80I
FJ787469.1,Telbivudine,204I
FJ787469.1,Telbivudine,80I
FJ787468.1,Lamivudine,204I
FJ787468.1,Lamivudine,80I
FJ787468.1,Telbivudine,204I
FJ787468.1,Telbivudine,80I
FJ787467.1,Lamivudine,173L
FJ787467.1,Lamivudine,180M
FJ787467.1,Lamivudine,204I
FJ787467.1,Telbivudine,204I
FJ787466.1,Lamivudine,173L
FJ787466.1,Lamivudine,180M
FJ787466.1,Lamivudine,204I
FJ787466.1,Telbivudine,204I
FJ787465.1,Lamivudine,180M
FJ787465.1,Lamivudine,204I
FJ787465.1,Telbivudine,204I
FJ787464.1,Lamivudine,180M
FJ787464.1,Lamivudine,204I
FJ787464.1,Telbivudine,204I
FJ787463.1,Lamivudine,181T
FJ787463.1,Adefovir,181T
FJ787463.1,Telbivudine,181T
FJ787462.1,Lamivudine,181T
FJ787462.1,Adefovir,181T
FJ787462.1,Telbivudine,181T
FJ787461.1,Lamivudine,181T
FJ787461.1,Adefovir,181T
FJ787461.1,Telbivudine,181T
FJ787460.1,Lamivudine,181T
FJ787460.1,Adefovir,181T
FJ787460.1,Telbivudine,181T
FJ787459.1,Lamivudine,181T
FJ787459.1,Adefovir,181T
FJ787459.1,Telbivudine,181T
FJ787458.1,Lamivudine,204I
FJ787458.1,Lamivudine,80I
FJ787458.1,Telbivudine,204I
FJ787458.1,Telbivudine,80I
FJ787457.1,Lamivudine,204I
FJ787457.1,Lamivudine,80I
FJ787457.1,Telbivudine,204I
FJ787457.1,Telbivudine,80I
FJ787456.1,Lamivudine,180M
FJ787456.1,Lamivudine,204I
FJ787456.1,Telbivudine,204I
FJ787455.1,Lamivudine,180M
FJ787455.1,Lamivudine,204I
FJ787455.1,Telbivudine,204I
FJ787454.1,Lamivudine,173L
FJ787454.1,Lamivudine,204I
FJ787454.1,Telbivudine,204I
FJ787453.1,Lamivudine,173L
FJ787453.1,Lamivudine,204I
FJ787453.1,Telbivudine,204I
FJ787452.1,Lamivudine,204I
FJ787452.1,Telbivudine,204I
FJ787451.1,Lamivudine,181T
FJ787451.1,Adefovir,181T
FJ787451.1,Telbivudine,181T
FJ787449.1,Lamivudine,204I
FJ787449.1,Telbivudine,204I
FJ787448.1,Lamivudine,180M
FJ787448.1,Lamivudine,204V
FJ787448.1,Telbivudine,204V
FJ787447.1,Lamivudine,180M
FJ787447.1,Lamivudine,204V
FJ787447.1,Telbivudine,204V
FJ787446.1,Lamivudine,173L
FJ787446.1,Lamivudine,180M
FJ787446.1,Lamivudine,204V
FJ787446.1,Telbivudine,204V
FJ787445.1,Lamivudine,173L
FJ787445.1,Lamivudine,180M
FJ787445.1,Lamivudine,204V
FJ787445.1,Telbivudine,204V
FJ787443.1,Lamivudine,180M
FJ787443.1,Lamivudine,204V
FJ787443.1,Telbivudine,204V
FJ787442.1,Lamivudine,180M
FJ787442.1,Lamivudine,204V
FJ787442.1,Telbivudine,204V
FJ787441.1,Lamivudine,181T
FJ787441.1,Adefovir,181T
FJ787441.1,Telbivudine,181T
FJ787440.1,Lamivudine,181T
FJ787440.1,Adefovir,181T
FJ787440.1,Telbivudine,181T
FJ787439.1,Lamivudine,181V
FJ787439.1,Adefovir,181V
FJ787439.1,Telbivudine,181V
FJ787438.1,Lamivudine,181V
FJ787438.1,Adefovir,181V
FJ787438.1,Telbivudine,181V
FJ787437.1,Lamivudine,181V
FJ787437.1,Adefovir,181V
FJ787437.1,Telbivudine,181V
FJ787436.1,Lamivudine,181T
FJ787436.1,Adefovir,181T
FJ787436.1,Telbivudine,181T
FJ562320.1,Lamivudine,180M
FJ562320.1,Lamivudine,204I
FJ562320.1,Telbivudine,204I
FJ562302.1,Lamivudine,204I
FJ562302.1,Telbivudine,204I
FJ562294.1,Lamivudine,180M
FJ562294.1,Lamivudine,204I
FJ562294.1,Lamivudine,80I
FJ562294.1,Telbivudine,204I
FJ562294.1,Telbivudine,80I
FJ562279.1,Lamivudine,180M
FJ562279.1,Lamivudine,204I
FJ562279.1,Lamivudine,80I
FJ562279.1,Telbivudine,204I
FJ562279.1,Telbivudine,80I
FJ562276.1,Lamivudine,204I
FJ562276.1,Telbivudine,204I
FJ562247.1,Lamivudine,204I
FJ562247.1,Telbivudine,204I
FJ562245.1,Lamivudine,204I
FJ562245.1,Lamivudine,80I
FJ562245.1,Telbivudine,204I
FJ562245.1,Telbivudine,80I
FJ562244.1,Lamivudine,181V
FJ562244.1,Adefovir,181V
FJ562244.1,Telbivudine,181V
FJ562235.1,Lamivudine,204I
FJ562235.1,Lamivudine,80I
FJ562235.1,Telbivudine,204I
FJ562235.1,Telbivudine,80I
FJ562226.1,Lamivudine,180M
FJ562226.1,Lamivudine,204I
FJ562226.1,Telbivudine,204I
FJ562223.1,Lamivudine,204V
FJ562223.1,Telbivudine,204V
FJ518813.1,Adefovir,236T
FJ518812.1,Adefovir,181S
FJ518812.1,Adefovir,236T
FJ518811.1,Lamivudine,181T
FJ518811.1,Adefovir,181T
FJ518811.1,Adefovir,236T
FJ518811.1,Telbivudine,181T
FJ518810.1,Lamivudine,181T
FJ518810.1,Adefovir,181T
FJ518810.1,Adefovir,236T
FJ518810.1,Telbivudine,181T
FJ386681.1,Lamivudine,181V
FJ386681.1,Adefovir,181V
FJ386681.1,Adefovir,236T
FJ386681.1,Telbivudine,181V
FJ386675.1,Lamivudine,180M
FJ386675.1,Lamivudine,204V
FJ386675.1,Telbivudine,204V
FJ386674.1,Lamivudine,180M
FJ386674.1,Lamivudine,204I
FJ386674.1,Telbivudine,204I
FJ386665.1,Lamivudine,181V
FJ386665.1,Adefovir,181V
FJ386665.1,Adefovir,236T
FJ386665.1,Telbivudine,181V
FJ386653.1,Lamivudine,180M
FJ386653.1,Lamivudine,204V
FJ386653.1,Telbivudine,204V
FJ386650.1,Lamivudine,181T
FJ386650.1,Adefovir,181T
FJ386650.1,Telbivudine,181T
FJ386649.1,Lamivudine,173L
FJ386649.1,Lamivudine,180M
FJ386649.1,Lamivudine,204V
FJ386649.1,Telbivudine,204V
FJ386648.1,Adefovir,236T
FJ386642.1,Lamivudine,204I
FJ386642.1,Lamivudine,80I
FJ386642.1,Telbivudine,204I
FJ386642.1,Telbivudine,80I
FJ386640.1,Lamivudine,180M
FJ386640.1,Lamivudine,204V
FJ386640.1,Lamivudine,181V
FJ386640.1,Adefovir,181V
FJ386640.1,Telbivudine,204V
FJ386640.1,Telbivudine,181V
FJ386638.1,Lamivudine,181T
FJ386638.1,Adefovir,181T
FJ386638.1,Telbivudine,181T
FJ386629.1,Lamivudine,180M
FJ386629.1,Lamivudine,204V
FJ386629.1,Telbivudine,204V
FJ386623.1,Lamivudine,180M
FJ386623.1,Lamivudine,204V
FJ386623.1,Entecavir,202G
FJ386623.1,Entecavir,204V
FJ386623.1,Entecavir,180M
FJ386623.1,Telbivudine,204V
FJ386621.1,Lamivudine,180M
FJ386621.1,Lamivudine,204V
FJ386621.1,Lamivudine,80I
FJ386621.1,Telbivudine,204V
FJ386621.1,Telbivudine,80I
FJ386620.1,Lamivudine,180M
FJ386620.1,Lamivudine,204V
FJ386620.1,Telbivudine,204V
FJ386617.1,Lamivudine,181V
FJ386617.1,Adefovir,181V
FJ386617.1,Adefovir,236T
FJ386617.1,Telbivudine,181V
FJ386612.1,Lamivudine,204I
FJ386612.1,Telbivudine,204I
FJ386608.1,Lamivudine,204I
FJ386608.1,Telbivudine,204I
FJ386607.1,Lamivudine,173L
FJ386607.1,Lamivudine,204I
FJ386607.1,Telbivudine,204I
FJ386604.1,Lamivudine,180M
FJ386604.1,Lamivudine,204V
FJ386604.1,Lamivudine,181V
FJ386604.1,Adefovir,181V
FJ386604.1,Telbivudine,204V
FJ386604.1,Telbivudine,181V
FJ386602.1,Lamivudine,204I
FJ386602.1,Telbivudine,204I
FJ386592.1,Lamivudine,204I
FJ386592.1,Lamivudine,80I
FJ386592.1,Telbivudine,204I
FJ386592.1,Telbivudine,80I
FJ386589.1,Lamivudine,204I
FJ386589.1,Lamivudine,80I
FJ386589.1,Telbivudine,204I
FJ386589.1,Telbivudine,80I
FJ386579.1,Lamivudine,173L
FJ386579.1,Lamivudine,180M
FJ386579.1,Lamivudine,204V
FJ386579.1,Telbivudine,204V
FJ386578.1,Lamivudine,181T
FJ386578.1,Adefovir,181T
FJ386578.1,Telbivudine,181T
FJ349218.1,Lamivudine,173L
FJ349218.1,Lamivudine,180M
FJ349218.1,Lamivudine,204V
FJ349218.1,Telbivudine,204V
FJ032356.1,Lamivudine,173L
FJ032356.1,Lamivudine,180M
FJ032356.1,Lamivudine,204V
FJ032356.1,Telbivudine,204V
FJ032355.1,Lamivudine,173L
FJ032355.1,Lamivudine,180M
FJ032355.1,Lamivudine,204V
FJ032355.1,Telbivudine,204V
FJ032354.1,Adefovir,236T
FJ032353.1,Adefovir,236T
FJ032352.1,Adefovir,236T
FJ032351.1,Lamivudine,180M
FJ032351.1,Lamivudine,204V
FJ032351.1,Telbivudine,204V
FJ032350.1,Lamivudine,180M
FJ032350.1,Lamivudine,204V
FJ032350.1,Telbivudine,204V
FJ032349.1,Lamivudine,180M
FJ032349.1,Lamivudine,204V
FJ032349.1,Telbivudine,204V
FJ032345.1,Lamivudine,204I
FJ032345.1,Telbivudine,204I
FJ032341.1,Lamivudine,181V
FJ032341.1,Adefovir,181V
FJ032341.1,Telbivudine,181V
FJ032340.1,Lamivudine,181V
FJ032340.1,Adefovir,181V
FJ032340.1,Telbivudine,181V
FJ032338.1,Adefovir,236T
FJ032335.1,Lamivudine,180M
FJ032335.1,Lamivudine,204I
FJ032335.1,Lamivudine,80I
FJ032335.1,Telbivudine,204I
FJ032335.1,Telbivudine,80I
FJ032334.1,Lamivudine,180M
FJ032334.1,Lamivudine,204V
FJ032334.1,Telbivudine,204V
FJ032333.1,Lamivudine,181V
FJ032333.1,Adefovir,181V
FJ032333.1,Adefovir,236T
FJ032333.1,Telbivudine,181V
FJ032331.1,Lamivudine,204I
FJ032331.1,Telbivudine,204I
EU939676.1,Lamivudine,204I
EU939676.1,Lamivudine,80V
EU939676.1,Telbivudine,204I
EU939676.1,Telbivudine,80V
EU939644.1,Lamivudine,204I
EU939644.1,Telbivudine,204I
EU939643.1,Lamivudine,181T
EU939643.1,Adefovir,181T
EU939643.1,Telbivudine,181T
EU939621.1,Lamivudine,204I
EU939621.1,Lamivudine,80V
EU939621.1,Telbivudine,204I
EU939621.1,Telbivudine,80V
EU939608.1,Lamivudine,173L
EU939608.1,Lamivudine,180M
EU939608.1,Lamivudine,204V
EU939608.1,Telbivudine,204V
EU939588.1,Lamivudine,180M
EU939588.1,Lamivudine,204I
EU939588.1,Telbivudine,204I
EU939567.1,Lamivudine,204I
EU939567.1,Lamivudine,80I
EU939567.1,Telbivudine,204I
EU939567.1,Telbivudine,80I
EU939564.1,Lamivudine,180M
EU939564.1,Lamivudine,204I
EU939564.1,Telbivudine,204I
EU939553.1,Lamivudine,181T
EU939553.1,Adefovir,181T
EU939553.1,Telbivudine,181T
EU939545.1,Lamivudine,204I
EU939545.1,Lamivudine,80I
EU939545.1,Telbivudine,204I
EU939545.1,Telbivudine,80I
EU859956.1,Lamivudine,180M
EU859956.1,Lamivudine,204V
EU859956.1,Telbivudine,204V
EU859955.1,Lamivudine,180M
EU859955.1,Lamivudine,204V
EU859955.1,Telbivudine,204V
EU859954.1,Lamivudine,180M
EU859954.1,Lamivudine,204V
EU859954.1,Telbivudine,204V
EU859951.1,Lamivudine,180M
EU859951.1,Lamivudine,204V
EU859951.1,Telbivudine,204V
EU859945.1,Lamivudine,204V
EU859945.1,Telbivudine,204V
EU833890.1,Lamivudine,180M
EU833890.1,Lamivudine,204I
EU833890.1,Telbivudine,204I
EU833889.1,Lamivudine,180M
EU833889.1,Lamivudine,204V
EU833889.1,Telbivudine,204V
EU796072.1,Lamivudine,204I
EU796072.1,Telbivudine,204I
EU796071.1,Lamivudine,204I
EU796071.1,Telbivudine,204I
EU796070.1,Lamivudine,204I
EU796070.1,Telbivudine,204I
EU796067.1,Lamivudine,204I
EU796067.1,Telbivudine,204I
EU660226.1,Lamivudine,173L
EU660226.1,Lamivudine,180M
EU660226.1,Lamivudine,204V
EU660226.1,Telbivudine,204V
EU660225.1,Lamivudine,173L
EU660225.1,Lamivudine,180M
EU660225.1,Lamivudine,204V
EU660225.1,Lamivudine,80I
EU660225.1,Telbivudine,204V
EU660225.1,Telbivudine,80I
AB697493.1,Lamivudine,173L
AB697493.1,Lamivudine,180M
AB697493.1,Lamivudine,204V
AB697493.1,Telbivudine,204V
AB697490.1,Lamivudine,173L
AB697490.1,Lamivudine,180M
AB697490.1,Lamivudine,204V
AB697490.1,Telbivudine,204V
